Company,Country,Segment,Website,Why Good Fit,First Audit Angle,Public Contact,Source
G-Boiler Company Limited,Bangladesh,Industrial boiler and pressure vessel manufacturing,https://www.gboilerbd.com/,"Engineering manufacturer with product/service pages and industrial buyer intent","Audit product catalog SEO, quote CTAs, technical trust signals, downloadable catalog, and inquiry follow-up","info@gboilerbd.com; gboilerltd@gmail.com","https://www.gboilerbd.com/"
Pinpoint Engineering,Bangladesh,Infrastructure and railway/civil engineering,https://pinpoint-bd.com/,"Railway, bridge, metro rail, and infrastructure project experience","Audit project pages, tender credibility, location SEO, case studies, and lead capture workflow","info@pinpoint-bd.com","https://pinpoint-bd.com/"
Panch Bhai Engineering,Bangladesh,Construction machinery manufacturer and supplier,https://www.panchbhaiengineering.com/,"Product-heavy equipment business with many catalog items","Audit product SEO, individual product pages, quote form, WhatsApp CTA, and review/testimonial capture","info@panchbhaiengineering.com; panchbhaieng1990@gmail.com","https://www.panchbhaiengineering.com/"
JR Enterprise,Bangladesh,Railway spare parts supplier,https://jrenterprisebd.net/,"Railway spare parts supplier with specialized locomotive products","Audit parts catalog, inquiry flow, trust/certification signals, and documentation downloads","info@jrenterprisebd.net; j.r.enterprise@hotmail.com","https://jrenterprisebd.net/"
Kohinur Enterprise,Bangladesh,Railway and industrial machinery supplier,https://www.kohinurbd.com/,"Supplies railway machinery and parts for Bangladesh Railway","Audit product/service structure, supplier credibility, inquiry tracking, and SEO for railway parts","Contact page listed on website","https://www.kohinurbd.com/"
Maple Leaf Industrial Solutions Ltd.,Bangladesh,Industrial engineering systems and equipment,https://www.mlis.ltd/,"Industrial systems provider for process industries","Audit solution pages, quote CTAs, case-study structure, and technical SEO","Contact page listed on website","https://www.mlis.ltd/"
Mechatronics Engineering Ltd.,Bangladesh,Stainless steel products and conveyors,https://mechatronicsbd.net/,"Manufactures conveyors, tanks, racks, and industrial stainless products","Audit product catalog, category SEO, product inquiry form, and customer follow-up automation","sanowar@mechatronicsbd.net","https://mechatronicsbd.net/"
Confidence Limited,Bangladesh,Engineering and fabrication industry,https://www.confidencelimited.com/,"Special purpose vehicle and engineering fabrication manufacturer","Audit product pages, technical credibility, image optimization, and inquiry workflows","Contact page listed on website","https://www.confidencelimited.com/"
ARTS BD Ltd.,Bangladesh,Railway track construction and maintenance,https://www.artsbdlimited.com/,"Railway track construction, maintenance, and repair services","Audit service pages, railway keywords, project proof, and inspection/documentation workflow offer","info@artsbdlimited.com; nuruddin@artsbdlimited.com","https://www.artsbdlimited.com/"
The Cosmopolitan Corporation,Bangladesh,Railway and industrial equipment supplier,https://www.cosmopolitan.com.bd/,"Railway spare parts, industrial equipment, and turnkey projects","Audit service/product hierarchy, procurement inquiry process, and technical SEO","Contact page listed on website","https://www.cosmopolitan.com.bd/"
Biswas Construction,Bangladesh,Railway civil/mechanical/electrical supplier,https://www.biswasconstruction.com/,"Serves Bangladesh Railways with engineering products and supplies","Audit project pages, railway supplier SEO, tender credibility, and quote capture","Contact page listed on website","https://www.biswasconstruction.com/"
Notch 8 Supply,USA,Locomotive parts supplier,https://www.notch8supply.com/,"Rail market supplier with product categories and specialized inventory","Audit product SEO, RFQ flow, technical documentation, and customer follow-up automation","Contact page listed on website","https://www.notch8supply.com/"
JMA Rail Products,USA,Locomotive and rail parts supplier,https://www.jmarailproducts.com/,"Rail products supplier with many categories and inventory-driven sales","Audit category SEO, quote/contact flow, product catalog usability, and review/testimonial capture","Jmasales@jmasales.com","https://www.jmarailproducts.com/"
Simplimatic Automation,USA,Manufacturing conveyors and robotic automation,https://www.simplimatic.com/,"Automation company with strong quote intent and industrial buyers","Audit quote funnel, service pages, PageSpeed, SEO tasks, and lead tracking dashboard","simpl-sales@signode.com","https://www.simplimatic.com/"
UTCRAS,USA,Rail wheelset and truck services,https://www.utcras.com/,"AAR-certified rail supplier/service business with multi-location operations","Audit service pages, location SEO, request flow, documentation, and maintenance dashboard offer","sales@utcras.com","https://www.utcras.com/"
All City Robotics,USA,Turnkey industrial automation and smart cells,https://allcityrobotics.com/,"Automation quote funnel and industrial buyer audience","Audit quote conversion, SEO for smart cells, lead follow-up workflow, and case-study structure","Quote form on website","https://allcityrobotics.com/"
Eagle Locomotive,USA,Locomotive engine parts supplier,https://www.eaglelocomotive.com/,"Locomotive parts site with specialized replacement-part search intent","Audit part-category SEO, RFQ flow, technical trust signals, and product schema","Contact page listed on website","https://www.eaglelocomotive.com/"
Bleichert Automation,USA,Industrial automation systems and conveyors,https://www.bleichert.com/,"Conveyor, AGV, storage, automation systems with US market presence","Audit solution pages, quote CTAs, schema, and industrial SEO positioning","Contact page listed on website","https://www.bleichert.com/"
AGV America,USA,Robotics and intelligent material handling,https://agvamerica.com/,"Automation-first manufacturing positioning with consultation intent","Audit consultation funnel, service SEO, PageSpeed, and lead nurturing workflow","Consultation form on website","https://agvamerica.com/"
United Systems Inc.,USA,Conveyor systems and fabrication,https://www.usiconveyors.com/,"Midwest conveyor systems company with request-a-quote intent","Audit quote funnel, local/industrial SEO, product pages, and CRM follow-up","Contact page listed on website","https://www.usiconveyors.com/"
Goshen Engineering,USA,Industrial automation and custom engineering,https://goshenengineering.com/,"Industrial automation and licensed engineering company serving US customers","Audit request-a-quote flow, service pages, local SEO, and project proof","Contact page listed on website","https://goshenengineering.com/"
Strato Inc.,USA,Railroad and transit product manufacturer,https://www.stratoinc.com/,"Railroad/transit products manufacturer with product catalog needs","Audit product catalog SEO, technical documentation, lead capture, and sales follow-up workflow","Contact page listed on website","https://www.stratoinc.com/"
JFJ Electricity Manufacturing Co. Ltd.,Bangladesh,Electrical manufacturing and industrial automation,https://jfjelectricity.com/,"Manufacturer of transformers, switchgear, control panels, and custom electrical systems","Audit product/service catalog, export credibility, quote CTAs, and SEO for electrical manufacturing","Contact page listed on website","https://jfjelectricity.com/"
ECS Engineering,Bangladesh,Electrical panel systems manufacturer,https://ecsbd.net/,"Manufactures distribution panels, MCC, PFI, and lighting panels","Audit panel product pages, project proof, quote forms, and technical SEO","Phone listed on website","https://ecsbd.net/"
Easy Industrial Solution,Bangladesh,Industrial automation and SCADA integrator,https://eindustrials.com/contact,"Industrial automation, instrumentation, electrical engineering, and SCADA services","Audit service pages, SCADA/automation keyword coverage, inquiry workflow, and case-study structure","info@eindustrials.com","https://eindustrials.com/contact"
Marks Automation Ltd.,Bangladesh,Industrial automation and digitalization,https://www.marksautomation.com/,"Automation provider with PLC, VFD, HMI, and Siemens-related services","Audit automation service pages, contact flow, product SEO, and lead follow-up automation","info@marksautoamtion.com","https://www.marksautomation.com/"
Insights Automata,Bangladesh,PLC/IoT/AI industrial automation,https://insightsautomata.com/,"Automation solution company with PLC, IoT, AI, big data positioning","Audit service clarity, project pages, technical SEO, and training lead capture","Contact page listed on website","https://insightsautomata.com/"
STL Automation Technology,Bangladesh,Industrial inverter supplier and service provider,https://stlautomationtechnology.com/,"Supplier and service provider for Lenze and KEB inverters","Audit product/service SEO, quick inquiry flow, maintenance/service automation, and local search","stlautomation888@gmail.com","https://stlautomationtechnology.com/"
ASS BD Automation Solutions,Bangladesh,Garment automation and sewing systems,https://assbdltd.net/,"Garment automation company with export-style automation offer","Audit case studies, product demos, inquiry workflow, and SEO for apparel automation","Contact page listed on website","https://assbdltd.net/"
Reveltech Power And Automation Corporation,Bangladesh,Industrial process automation supplier,https://reveltechbd.com/,"Automation products, SCADA, process automation, installation, commissioning, and repair","Audit product-category SEO, inquiry tracking, technical trust, and service-page structure","Contact page listed on website","https://reveltechbd.com/"
Optimal Track BD,Bangladesh,Industrial automation solutions,https://www.optimaltrackbd.com/contact-us,"Industrial automation solutions for efficiency, productivity, and safety","Audit contact conversion, service SEO, consultation flow, and automation lead nurturing","Contact page listed on website","https://www.optimaltrackbd.com/contact-us"
Hadid Global,Bangladesh,Industrial engineering equipment supplier,https://www.hadidglobal.com.bd/,"Engineering product and equipment supplier across textiles, oil/gas, mining, marine, energy, water, and transport","Audit industry pages, product catalog SEO, RFQ workflow, and downloadable catalog","Contact page listed on website","https://www.hadidglobal.com.bd/"
KSM Technologies,Bangladesh,Electrical substation and panel engineering,https://www.ksmtechnologies.com.bd/,"Electrical substation, transformers, switchgear, panels, UPS, solar, and ELV systems","Audit service pages, project proof, local/industrial SEO, and maintenance lead flow","Contact page listed on website","https://www.ksmtechnologies.com.bd/"
South Shore Controls,USA,Industrial automation and process control systems,https://southshorecontrols.com/,"US automation system designer, manufacturer, and systems integrator","Audit request-a-quote flow, in-house panel shop SEO, service pages, and case-study conversion","Contact page listed on website","https://southshorecontrols.com/"
Podium Automation,USA,UL control cabinet design and fabrication,https://www.podiumautomation.com/,"Control panel manufacturer using software-enabled quote/design workflow","Audit quote funnel, SEO for UL panels, conversion copy, and lead nurturing","Quote form on website","https://www.podiumautomation.com/"
Process Solutions,USA,Industrial control panel and automation systems,https://processsolutions.com/,"Control panel manufacturer with PLC/HMI/SCADA services","Audit request-a-quote path, service SEO, PageSpeed, and project proof","Contact page listed on website","https://processsolutions.com/"
Direct Conveyors,USA,Custom conveyor systems,https://directconveyors.com/,"Builds low-profile and custom conveyors with configure/quote intent","Audit configurator/quote conversion, product SEO, schema, and follow-up automation","Quote form on website","https://directconveyors.com/"
Perfect Automation & Innovation,USA,Industrial automation and electrical control panels,https://us.perfect-automations.com/,"Manufactures electrical control panels and industrial automation systems for US customers","Audit product/service pages, quote CTAs, technical trust, and USA local SEO","Contact page listed on website","https://us.perfect-automations.com/"
Outsourced Controls,USA,UL 508A custom control panel fabrication,https://outsourcedcontrols.com/,"Distributed network of control panel fabrication for OEMs and manufacturers","Audit quote funnel, OEM program pages, review/testimonial capture, and SEO tasks","Quote form on website","https://outsourcedcontrols.com/"
Henshaw Inc.,USA,Custom automation and material handling,https://www.henshawusa.com/,"Custom automation, panel build, controls, material handling, and vision systems","Audit service SEO, quote form, case-study flow, and follow-up automation","Contact page listed on website","https://www.henshawusa.com/"
Infinity Industrial Controls,USA,Custom UL-certified control panels,https://www.inf-ind.com/,"Industrial control panel manufacturer with free quote intent","Audit quote conversion, service pages, local SEO, and PageSpeed","Contact page listed on website","https://www.inf-ind.com/"
Panel-Fab,USA,Control panel manufacturer,https://panel-fab.com/,"Large control panel manufacturer with many industry-specific portfolio pages","Audit industry pages, quote/contact path, schema, and sales follow-up workflow","Contact page listed on website","https://panel-fab.com/"
McIver Engineering & Controls,USA,Industrial control panel builder,https://mcivereng.com/,"UL 508A industrial control panel manufacturer and automation engineering company","Audit quote request flow, service SEO, product trust signals, and lead tracking","Contact page listed on website","https://mcivereng.com/"
Whiting Corporation,USA,Rail maintenance equipment and OEM parts,https://whitingcorp.com/contact-whiting/,"Rail maintenance equipment, OEM railcar equipment parts, and service","Audit rail product/service SEO, contact conversion, documentation flow, and account follow-up","Contact page listed on website","https://whitingcorp.com/contact-whiting/"
MIS Controls,USA,Turnkey industrial control panels,https://www.miscontrols.com/,"UL 508A panel assemblies and custom enclosures with quote intent","Audit quote path, panel capability pages, schema, and lead follow-up workflow","info@miscontrols.com","https://www.miscontrols.com/"
SEI Control Panel Shop,USA,UL 508A control panel fabrication,https://www.sei-sjs.com/control-panel-shop/,"Control panel shop with industrial, OEM, and intrinsically safe panel offers","Audit free-quote conversion, control panel SEO, documentation downloads, and proof sections","Quote form on website","https://www.sei-sjs.com/control-panel-shop/"
Sterling Made,USA,Industrial control panel fabrication,https://sterlingmade.co/,"Custom UL 508A panel design/fabrication with 24-hour quote positioning","Audit quote CTA, local Massachusetts SEO, service pages, and lead nurturing","Quote form on website","https://sterlingmade.co/"
AK&J Electric,USA,Industrial control panels and automation,https://akjelectric.com/products/control-panels,"Custom UL 508A control panels for automation, motor control, and process monitoring","Audit product datasheet funnel, quote path, schema, and PageSpeed","Quote form on website","https://akjelectric.com/products/control-panels"
Covenant Panelworks,USA,Industrial control panel manufacturer,https://covenantpanelworks.com/,"Custom UL 508A control panel manufacturer with strong manufacturing story","Audit capability pages, request-a-quote flow, case studies, and SEO task plan","Quote form on website","https://covenantpanelworks.com/"
Ellipse Engineering BD,Bangladesh,Industrial automation and process instrumentation,https://www.ellipsebd.com/,"Industrial automation, electrical systems, process instrumentation, water, energy, and MEP services","Audit service SEO, inquiry flow, project proof, and maintenance/reporting automation offer","Contact page listed on website","https://www.ellipsebd.com/"
Mampower Ltd.,Bangladesh,Transformer and switchgear manufacturer,https://sbelbd.com/,"Manufacturer of transformers, HT panels, LV switchgear, PFI, and control/relay panels","Audit product catalog SEO, quote CTAs, downloadable specs, and industrial buyer follow-up","Contact page listed on website","https://sbelbd.com/"
